tsp,SA,10,1000,5,1.104711936,885.4212700586115
count_ones,RHC,60,1000,0,0.140453888,60.0
four_peaks,SA,50,1000,2,0.308838144,11.0
tsp,RHC,40,1000,0,1.137671936,3502.87969416808
tsp,RHC,30,1000,3,1.135452928,1897.2768323732375
tsp,RHC,10,1000,1,1.193712896,860.2228883298637
tsp,RHC,10,1000,2,1.209748992,910.6547770794923
tsp,SA,30,1000,4,1.229171968,1991.2250095370005
tsp,SA,20,1000,4,1.254807808,1963.820246858123
tsp,RHC,20,1000,4,1.268389888,1718.2555419957157
tsp,RHC,10,1000,4,0.479610112,960.7804769786085
four_peaks,SA,150,1000,9,0.92477696,8.0
four_peaks,RHC,100,1000,6,1.175478016,6.0
four_peaks,SA,200,1000,9,0.985679104,2.0
four_peaks,RHC,100,1000,8,0.033106944,22.0
four_peaks,RHC,50,1000,4,0.739350784,29.0
four_peaks,RHC,50,1000,6,0.045597184,25.0
four_peaks,SA,200,1000,3,1.00744192,3.0
four_peaks,RHC,10,1000,6,0.702884096,10.0
four_peaks,RHC,50,1000,1,0.706667008,24.0
count_ones,SA,60,1000,5,0.01997312,60.0
count_ones,SA,80,1000,5,0.018238208,80.0
four_peaks,RHC,50,1000,5,0.59337984,15.0
four_peaks,RHC,10,1000,9,0.619258112,17.0
four_peaks,SA,150,1000,1,0.412808192,9.0
four_peaks,SA,50,1000,9,0.402959104,24.0
count_ones,SA,80,1000,3,0.02393984,80.0
four_peaks,RHC,200,1000,1,0.014747136,18.0
tsp,SA,20,1000,8,1.778827776,1867.828033451438
tsp,RHC,50,1000,5,1.727891968,4022.1546760344327
tsp,RHC,30,1000,0,1.27487616,2834.3258593149144
tsp,SA,10,1000,1,1.889969152,588.5788482392276
tsp,RHC,20,1000,3,1.888644864,2017.675977871737
tsp,RHC,20,1000,1,1.864961024,1474.980395995197
tsp,RHC,50,1000,2,1.848560896,4368.098015138092
tsp,RHC,20,1000,9,1.913166848,1787.6578561196309
tsp,SA,30,1000,3,1.057625088,2262.1406002087792
tsp,SA,10,1000,6,1.021874944,1112.5339662498964
tsp,SA,10,1000,7,0.966432,720.7261744509615
nqueens,RHC,8,1000,2,0.272132864,684.6472211540438
four_peaks,SA,150,1000,4,0.918464,4.0
four_peaks,SA,200,1000,4,0.904525056,3.0
four_peaks,SA,150,1000,8,0.908395776,8.0
four_peaks,SA,100,1000,4,0.915740928,9.0
four_peaks,RHC,50,1000,2,1.083169792,22.0
four_peaks,RHC,200,1000,0,0.013850112,5.0
four_peaks,RHC,150,1000,4,0.008824832,7.0
four_peaks,RHC,150,1000,7,0.012182016,15.0
count_ones,RHC,80,1000,5,0.25762688,80.0
count_ones,RHC,20,1000,1,0.254767872,20.0
count_ones,RHC,80,1000,9,0.258006016,80.0
four_peaks,RHC,10,1000,2,0.582322944,10.0
count_ones,SA,40,1000,5,0.137630976,40.0
four_peaks,SA,100,1000,5,0.409793024,10.0
four_peaks,SA,50,1000,1,0.43220096,10.0
four_peaks,RHC,10,1000,7,0.598982912,17.0
four_peaks,SA,50,1000,8,0.421786112,25.0
four_peaks,SA,200,1000,5,0.40089088,2.0
four_peaks,SA,50,1000,3,0.415069952,31.0
four_peaks,RHC,150,1000,0,1.084098816,5.0
tsp,RHC,10,1000,9,1.405456896,806.2054380473969
tsp,SA,40,1000,6,1.40332288,3443.549107937724
knapsack,RHC,50,1000,6,0.938363904,4382.127194534544
knapsack,SA,50,1000,9,1.408413952,4632.042151284609
knapsack,SA,40,1000,3,1.408164096,3759.726706075245
tsp,SA,40,1000,9,2.336279808,3168.80978492364
tsp,SA,20,1000,5,2.325715968,1416.2358787635176
tsp,SA,30,1000,6,2.838246144,2897.2453812545386
tsp,RHC,40,1000,1,2.831630848,3462.743392124355
tsp,SA,30,1000,1,2.816784128,2421.3224150569035
tsp,SA,30,1000,7,2.813181952,1878.9506888328149
tsp,SA,40,1000,7,2.814430976,3144.909386919956
tsp,SA,30,1000,8,2.917632,2693.8337317807145
tsp,SA,50,1000,1,2.569889024,4130.5793658173225
nqueens,RHC,6,1000,1,2.524591104,340.71928172357235
tsp,SA,10,1000,8,3.109730048,832.6229267467578
nqueens,RHC,10,1000,0,1.612038912,900.0922369533768
nqueens,RHC,10,1000,3,1.617872896,1083.7594605905435
knapsack,RHC,40,1000,3,1.68717696,4431.760503875017
tsp,RHC,50,1000,1,3.126752,4528.6775963282935
knapsack,RHC,30,1000,1,1.672723968,2350.1522114735244
nqueens,RHC,10,1000,4,1.643249152,633.1532060623564
knapsack,RHC,30,1000,7,1.692979968,2788.2762900222165
nqueens,RHC,10,1000,8,1.65431808,615.2549062297562
nqueens,RHC,8,1000,6,2.537837056,637.8666914128289
knapsack,SA,30,1000,6,1.754671104,3115.79861499831
knapsack,RHC,40,1000,5,1.73300992,3748.4957310784716
knapsack,RHC,40,1000,6,1.735151104,3653.637637078406
knapsack,RHC,30,1000,2,1.717374976,2353.2084316163555
knapsack,RHC,40,1000,9,1.77045504,4198.243634892228
tsp,SA,50,1000,6,1.925808128,4160.973845639196
nqueens,RHC,6,1000,0,2.603008,189.46676158950157
knapsack,RHC,40,1000,4,1.753899008,3080.850634492559
tsp,SA,50,1000,8,3.192285952,4684.672877242214
knapsack,RHC,50,1000,3,1.790386944,4059.9692398997154
knapsack,RHC,30,1000,8,1.755777024,2345.5495447108883
tsp,SA,50,1000,5,2.297241088,3816.7233946316396
tsp,SA,20,1000,1,2.276777984,1045.0241501370208
tsp,SA,40,1000,3,2.302083072,3662.961090980616
tsp,SA,10,1000,2,2.271601152,692.9168722688242
nqueens,RHC,10,1000,7,0.888508928,749.9187464926383
nqueens,RHC,6,1000,3,2.624093184,466.61194218715775
tsp,RHC,50,1000,0,3.079110912,4570.974518696963
tsp,RHC,40,1000,6,2.073252096,3385.959248920035
tsp,RHC,40,1000,5,2.075168,3110.4528526688077
tsp,RHC,40,1000,3,2.099734016,2702.971703053758
tsp,SA,20,1000,6,2.115152896,1797.3810916002894
tsp,RHC,30,1000,7,2.084007168,2186.5213783471463
tsp,RHC,30,1000,9,2.090381056,2652.68579259507
tsp,RHC,50,1000,9,2.013132032,5029.034377553979
tsp,RHC,20,1000,5,2.072673024,2146.6203884783463
tsp,SA,10,1000,0,2.051175936,556.1733681570311
tsp,RHC,40,1000,8,2.044326912,3153.5007053754116
tsp,RHC,30,1000,8,1.998348032,3310.6600095199205
tsp,RHC,50,1000,4,1.97958784,3822.726540964954
tsp,SA,30,1000,9,1.937739008,3123.743077449142
tsp,RHC,20,1000,6,2.027855104,1594.774310997399
tsp,RHC,10,1000,0,2.025864192,526.7414839468108
tsp,RHC,10,1000,6,2.023297024,802.0700622290706
tsp,RHC,50,1000,8,1.94144896,4172.784062196196
tsp,RHC,10,1000,8,1.997789184,656.9181765312346
tsp,SA,50,1000,9,1.939723776,4424.639035599524
tsp,RHC,10,1000,5,1.917878016,471.6080087145915
tsp,SA,40,1000,4,1.763676928,2968.568415137645
tsp,SA,30,1000,2,1.755047936,3074.4012418485204
tsp,SA,40,1000,0,1.753364992,3494.9000022353284
tsp,RHC,50,1000,3,1.676744192,4028.341688042376
tsp,RHC,50,1000,6,1.70241408,3897.9528790487057
tsp,RHC,30,1000,1,1.660231936,2559.2142750445846
tsp,SA,40,1000,1,1.697216,3136.2697148771267
tsp,SA,40,1000,5,1.594829056,2866.210609167031
tsp,SA,50,1000,4,1.15370496,4723.676417463997
tsp,RHC,30,1000,2,1.658895872,3241.3462546724477
tsp,SA,20,1000,3,1.618219776,1714.518414450152
tsp,SA,50,1000,2,1.618991104,4815.84507616407
tsp,RHC,40,1000,7,1.518119936,3307.412463955917
tsp,SA,20,1000,7,1.598048,1965.1833936520209
tsp,RHC,30,1000,4,1.59460992,2738.499592354038
tsp,RHC,20,1000,0,1.591296,1540.742045330975
tsp,RHC,20,1000,7,1.558659072,1723.4957932238076
tsp,SA,10,1000,9,1.58870912,841.236711587078
count_ones,RHC,20,1000,0,0.197792,20.0
four_peaks,RHC,200,1000,6,0.312972032,13.0
four_peaks,RHC,150,1000,5,0.009125888,5.0
count_ones,RHC,20,1000,3,0.134961152,20.0
count_ones,SA,20,1000,7,0.157051136,20.0
count_ones,RHC,60,1000,9,0.213644032,60.0
count_ones,SA,80,1000,1,0.01598208,80.0
count_ones,RHC,80,1000,1,0.170654976,80.0
count_ones,RHC,60,1000,2,0.163068928,60.0
count_ones,RHC,20,1000,7,0.275293184,20.0
count_ones,SA,20,1000,3,0.252489984,20.0
count_ones,RHC,80,1000,2,0.212795136,80.0
count_ones,RHC,60,1000,4,0.1622528,60.0
count_ones,SA,60,1000,3,0.126212096,60.0
count_ones,SA,60,1000,6,0.01717888,60.0
count_ones,SA,20,1000,2,0.163393024,20.0
count_ones,RHC,60,1000,8,0.162964992,60.0
count_ones,RHC,40,1000,4,0.254349056,40.0
count_ones,SA,60,1000,0,0.24038912,60.0
count_ones,RHC,40,1000,5,0.166201856,40.0
count_ones,SA,60,1000,1,0.201788928,60.0
count_ones,RHC,40,1000,7,0.216596992,40.0
count_ones,RHC,60,1000,7,0.22091392,60.0
count_ones,RHC,60,1000,6,0.219905024,60.0
count_ones,SA,40,1000,6,0.216446976,40.0
count_ones,RHC,20,1000,2,0.217612032,20.0
count_ones,RHC,80,1000,7,0.228647168,80.0
four_peaks,RHC,200,1000,5,0.207430912,5.0
count_ones,SA,60,1000,2,0.2195072,60.0
count_ones,RHC,20,1000,5,0.246401024,20.0
count_ones,SA,20,1000,0,0.238355968,20.0
count_ones,SA,20,1000,4,0.248240896,20.0
four_peaks,SA,150,1000,6,0.42898304,5.0
count_ones,SA,40,1000,3,0.247003904,40.0
four_peaks,SA,200,1000,1,1.028464128,7.0
count_ones,SA,20,1000,9,0.25130496,20.0
count_ones,RHC,60,1000,1,0.246873856,60.0
count_ones,RHC,20,1000,6,0.248902144,20.0
count_ones,SA,20,1000,5,0.252121856,20.0
count_ones,RHC,40,1000,0,0.248306176,40.0
count_ones,SA,40,1000,4,0.249135104,40.0
count_ones,RHC,40,1000,1,0.25154304,40.0
count_ones,SA,40,1000,9,0.25159808,40.0
count_ones,SA,40,1000,0,0.251856128,40.0
count_ones,SA,60,1000,4,0.079956992,60.0
four_peaks,SA,10,1000,7,0.05460992,10.0
count_ones,SA,80,1000,6,0.01529088,80.0
count_ones,SA,20,1000,8,0.100205056,20.0
count_ones,SA,20,1000,6,0.312825088,20.0
count_ones,RHC,60,1000,5,0.258976,60.0
count_ones,SA,40,1000,2,0.082695936,40.0
four_peaks,RHC,50,1000,8,0.220020992,11.0
count_ones,SA,60,1000,8,0.015755008,60.0
count_ones,SA,80,1000,4,0.017309184,80.0
count_ones,SA,60,1000,7,0.016664064,60.0
count_ones,RHC,20,1000,8,0.289609984,20.0
count_ones,SA,80,1000,9,0.012086016,80.0
count_ones,SA,80,1000,7,0.015163136,80.0
count_ones,SA,80,1000,8,0.012136192,80.0
four_peaks,SA,150,1000,5,1.027760896,1.0
count_ones,RHC,40,1000,3,0.146301952,40.0
count_ones,RHC,40,1000,8,0.141433088,40.0
four_peaks,RHC,150,1000,2,0.007731968,12.0
count_ones,RHC,20,1000,9,0.141278976,20.0
count_ones,SA,80,1000,2,0.02313088,80.0
count_ones,RHC,80,1000,3,0.15207808,80.0
four_peaks,RHC,150,1000,9,0.013796864,11.0
four_peaks,SA,150,1000,3,0.42494976,7.0
four_peaks,SA,10,1000,3,0.513724928,17.0
four_peaks,RHC,100,1000,2,0.020792064,7.0
four_peaks,SA,50,1000,0,0.410100992,12.0
four_peaks,RHC,50,1000,7,0.025662976,12.0
four_peaks,RHC,200,1000,3,0.016236032,5.0
four_peaks,RHC,150,1000,1,0.00925696,10.0
four_peaks,RHC,200,1000,2,0.013761024,4.0
four_peaks,RHC,150,1000,3,0.0091008,10.0
four_peaks,SA,200,1000,7,0.43129984,2.0
count_ones,SA,40,1000,7,0.156815104,40.0
count_ones,RHC,60,1000,3,0.136633856,60.0
four_peaks,RHC,200,1000,4,0.008308992,11.0
nqueens,RHC,6,1000,7,2.740253952,604.7313356549206
nqueens,RHC,8,1000,7,1.849988096,589.3308878995226
nqueens,RHC,10,1000,6,1.866804992,671.8097599928366
knapsack,RHC,40,1000,7,1.946740992,3732.609058752952
knapsack,SA,40,1000,1,1.986406912,3456.4310420622032
tsp,RHC,30,1000,6,3.143380992,2441.0705412177463
nqueens,RHC,6,1000,2,2.809453824,248.27860689899455
nqueens,RHC,10,1000,9,1.902735104,631.8354215849388
knapsack,SA,40,1000,6,2.011930112,3186.1022866428557
nqueens,RHC,8,1000,9,1.896798976,656.4052508563939
knapsack,SA,50,1000,2,2.038852096,4325.39522427575
four_peaks,RHC,50,1000,9,0.018704128,19.0
knapsack,SA,40,1000,7,2.05211392,3383.300620254765
count_ones,SA,40,1000,8,0.163963136,40.0
knapsack,RHC,50,1000,5,1.33488512,4470.411961938033
tsp,RHC,10,1000,3,2.017218048,618.88965759361
knapsack,RHC,30,1000,5,1.265553152,2158.169535501924
knapsack,SA,30,1000,4,1.289112064,2919.2330150248463
knapsack,RHC,50,1000,0,1.272491008,4552.785805884697
knapsack,RHC,50,1000,1,1.259802112,4202.577941765161
knapsack,RHC,50,1000,4,1.26267008,4316.271788740391
tsp,SA,40,1000,2,2.645171968,2944.6879355434553
nqueens,RHC,8,1000,5,2.028659968,381.7765768519766
knapsack,SA,40,1000,9,1.245836032,3827.9822671159354
knapsack,SA,50,1000,5,1.238973952,4864.603329080758
knapsack,RHC,40,1000,0,1.145856,2722.987588521453
nqueens,RHC,6,1000,9,1.964423936,571.798749213116
nqueens,RHC,10,1000,5,1.065061888,753.1981922111593
knapsack,RHC,50,1000,7,1.14768,3214.504432007082
tsp,SA,50,1000,0,1.999782144,3711.119649381142
nqueens,RHC,8,1000,0,1.927490048,424.8369436701842
tsp,SA,40,1000,8,2.271142144,3535.3810904455113
tsp,SA,20,1000,9,2.497950976,1671.8632598895272
tsp,SA,20,1000,0,2.494273024,1791.9779292905966
tsp,RHC,10,1000,7,2.474423808,938.6222381007253
tsp,RHC,40,1000,2,2.471748864,3484.919279399758
tsp,RHC,20,1000,8,2.469569792,1309.723609711538
nqueens,RHC,6,1000,6,1.853382912,623.0042985008312
knapsack,RHC,30,1000,3,1.286221824,2646.94108753537
nqueens,SA,8,1000,5,2.937248,943.7064318974649
nqueens,RHC,10,1000,2,2.934947072,546.9524352746422
tsp,RHC,20,1000,2,2.121716992,1715.372735789352
tsp,RHC,30,1000,5,2.098633984,2103.206823809364
tsp,SA,10,1000,4,2.147842816,735.607587435148
knapsack,RHC,50,1000,9,0.777885184,4360.312237631748
nqueens,SA,10,1000,0,2.959448064,665.0448426059935
tsp,SA,30,1000,0,2.090782976,2683.0553289101927
nqueens,RHC,8,1000,3,1.595655168,875.5672430218535
tsp,RHC,40,1000,4,2.151330048,3397.708338684784
tsp,SA,20,1000,2,2.224705024,1899.7640892883949
knapsack,RHC,40,1000,2,3.012637952,3292.708341126101
tsp,SA,50,1000,7,2.229795072,4716.934473653935
knapsack,RHC,30,1000,0,3.032822016,2012.2627804915337
nqueens,RHC,8,1000,8,2.988852992,478.59779299204536
knapsack,RHC,40,1000,1,3.049978112,3190.6561096841747
knapsack,RHC,30,1000,4,3.037513984,2556.9367843512605
knapsack,RHC,30,1000,6,0.787021056,3080.8053662953002
tsp,SA,30,1000,5,2.161113088,2396.7617762921564
tsp,SA,10,1000,3,2.261366016,815.0046061680156
knapsack,SA,50,1000,6,0.925213952,5178.0969058181145
knapsack,RHC,40,1000,8,3.100012032,3970.1203095306046
nqueens,RHC,6,1000,8,3.978587136,353.377151160373
nqueens,RHC,8,1000,4,3.969158912,847.4615222868406
nqueens,RHC,8,1000,1,3.973615104,655.4507823769637
nqueens,SA,6,1000,5,3.088865024,549.9495882604258
nqueens,SA,6,1000,1,3.091942912,452.90655879467295
nqueens,SA,8,1000,0,3.107448064,666.4051385711505
nqueens,SA,6,1000,8,3.130306048,542.6584022470587
knapsack,SA,30,1000,9,2.956710912,2737.085235203801
nqueens,SA,6,1000,0,2.84680704,313.4463515080582
nqueens,SA,6,1000,6,2.84498816,246.735611473995
nqueens,SA,8,1000,6,2.792211968,717.6067546252589
nqueens,SA,6,1000,4,2.780205056,439.392455935776
nqueens,SA,8,1000,8,2.786153984,348.6890378155592
nqueens,SA,8,1000,1,2.779870976,522.0488784461686
nqueens,SA,10,1000,9,2.785090048,930.0119495194434
knapsack,RHC,30,1000,9,2.104397056,2186.7461277075986
knapsack,SA,40,1000,0,2.673902848,4466.93503585713
nqueens,SA,10,1000,2,2.416441856,727.6220968842297
four_peaks,SA,50,1000,5,0.37793408,10.0
four_peaks,SA,10,1000,6,0.323603968,17.0
count_ones,RHC,80,1000,4,0.144779008,80.0
four_peaks,SA,10,1000,5,0.310414848,17.0
four_peaks,SA,10,1000,8,0.39394816,17.0
knapsack,SA,50,1000,1,2.402716928,4741.220164218113
knapsack,SA,40,1000,4,2.393197056,3504.2504381263566
knapsack,SA,50,1000,8,2.389835008,3917.8087979837987
nqueens,SA,6,1000,3,2.281949184,657.2640804529814
four_peaks,SA,200,1000,6,0.356046848,6.0
four_peaks,RHC,200,1000,9,0.40652288,6.0
four_peaks,SA,100,1000,1,0.406520064,4.0
count_ones,SA,40,1000,1,0.116976128,40.0
count_ones,RHC,40,1000,2,0.161190144,40.0
four_peaks,SA,100,1000,8,0.405913088,17.0
four_peaks,RHC,10,1000,0,0.439938048,10.0
four_peaks,SA,100,1000,2,0.392666112,6.0
four_peaks,RHC,150,1000,6,0.013388032,8.0
four_peaks,RHC,100,1000,0,0.046776064,6.0
four_peaks,SA,50,1000,7,0.401538048,15.0
four_peaks,SA,200,1000,0,0.457092864,5.0
four_peaks,SA,10,1000,4,0.312877824,17.0
four_peaks,SA,100,1000,6,0.425812992,3.0
four_peaks,SA,150,1000,7,0.42823296,3.0
four_peaks,SA,200,1000,2,0.447055872,9.0
four_peaks,RHC,150,1000,8,0.014513152,10.0
knapsack,SA,50,1000,0,2.333859072,3916.276397221272
count_ones,RHC,20,1000,4,0.137935104,20.0
four_peaks,SA,200,1000,8,0.437728768,5.0
count_ones,RHC,80,1000,0,0.160193792,80.0
four_peaks,RHC,200,1000,8,0.32661504,2.0
count_ones,RHC,80,1000,6,0.113826048,80.0
knapsack,SA,30,1000,7,2.323522048,2596.478293673666
four_peaks,SA,50,1000,6,0.299227904,18.0
count_ones,RHC,80,1000,8,0.128497152,80.0
four_peaks,SA,50,1000,4,0.399377152,13.0
four_peaks,SA,10,1000,9,0.30943104,17.0
four_peaks,SA,10,1000,2,0.315695104,17.0
knapsack,SA,40,1000,8,2.30689408,3599.761246145904
knapsack,SA,50,1000,4,2.288838912,3666.3462736358533
knapsack,SA,30,1000,1,2.258330112,2349.395687519993
tsp,SA,50,1000,3,3.655094016,3189.161190244989
knapsack,RHC,50,1000,2,2.241101056,4680.398999722724
knapsack,SA,50,1000,7,2.255252992,4824.30109220354
four_peaks,SA,100,1000,0,0.400102912,7.0
count_ones,RHC,40,1000,9,0.257769216,40.0
four_peaks,SA,100,1000,7,0.438419968,7.0
four_peaks,RHC,10,1000,4,0.633856,10.0
four_peaks,RHC,100,1000,3,0.706278912,14.0
four_peaks,RHC,100,1000,4,0.74910592,24.0
tsp,RHC,50,1000,7,3.607202048,4156.297930109717
four_peaks,RHC,10,1000,8,0.738502144,17.0
four_peaks,RHC,100,1000,7,0.75076992,8.0
four_peaks,RHC,200,1000,7,0.478939136,5.0
four_peaks,RHC,100,1000,9,0.74871296,12.0
count_ones,SA,60,1000,9,0.026061056,60.0
four_peaks,RHC,50,1000,3,0.724795904,34.0
four_peaks,RHC,10,1000,5,0.694971904,10.0
four_peaks,RHC,50,1000,0,0.70143104,23.0
four_peaks,RHC,100,1000,5,0.747383808,7.0
four_peaks,RHC,100,1000,1,0.707516928,13.0
four_peaks,RHC,10,1000,3,0.694358784,17.0
four_peaks,SA,100,1000,9,0.425916928,14.0
count_ones,SA,20,1000,1,0.141263104,20.0
count_ones,RHC,40,1000,6,0.255456,40.0
count_ones,SA,80,1000,0,0.023977216,79.0
four_peaks,SA,10,1000,0,0.309182976,10.0
knapsack,SA,30,1000,5,2.146740992,2144.486704115734
knapsack,RHC,50,1000,8,2.134999808,3872.9578305903383
nqueens,RHC,10,1000,1,2.027752192,929.6298227696943
nqueens,RHC,6,1000,5,2.940850176,667.0519115590927
four_peaks,SA,150,1000,2,0.471239168,5.0
knapsack,SA,30,1000,2,2.130212096,2240.624307141155
knapsack,SA,30,1000,3,2.129406208,2790.595923695058
knapsack,SA,30,1000,0,2.127614976,2982.4253865100422
knapsack,SA,50,1000,3,2.120651008,5160.878552579834
four_peaks,SA,100,1000,3,0.409778944,8.0
four_peaks,SA,10,1000,1,0.308313856,17.0
four_peaks,RHC,10,1000,1,0.050681088,17.0
knapsack,SA,40,1000,2,2.091627008,4077.4421170056826
four_peaks,SA,150,1000,0,0.422343936,10.0
nqueens,SA,6,1000,9,3.321371904,482.9808705826499
knapsack,SA,40,1000,5,3.649806848,2586.2046122280276
nqueens,SA,10,1000,7,3.65590016,536.1329803388762
nqueens,SA,10,1000,3,3.658191104,1084.4366471333788
nqueens,SA,10,1000,1,3.661609216,536.9149354680468
nqueens,SA,10,1000,8,3.662448896,856.0430706751955
nqueens,SA,10,1000,4,3.665541888,1255.7300493805703
nqueens,SA,8,1000,7,3.687084032,640.4658324478747
nqueens,SA,8,1000,4,3.68657792,616.6990889571259
nqueens,SA,8,1000,3,3.687611904,787.8609106827204
nqueens,SA,8,1000,2,3.693732864,774.3091005599472
nqueens,SA,8,1000,9,3.695821056,558.9987956164246
nqueens,SA,10,1000,6,3.69888,953.4756522981676
nqueens,RHC,6,1000,4,4.695087104,384.8030328583124
nqueens,SA,6,1000,2,3.791771904,534.9985543452287
nqueens,SA,10,1000,5,3.801341952,818.7013354288054
nqueens,SA,6,1000,7,3.822328064,485.11718890569284
knapsack,SA,30,1000,8,3.889670912,2334.7041776735336
tsp,RHC,40,1000,9,2.558656,3557.2099185856673
count_ones,GA,20,1000,4,9.14468608,19.0
count_ones,GA,20,1000,2,9.430146816,18.0
count_ones,GA,20,1000,1,9.67156608,18.0
count_ones,GA,20,1000,7,10.307662848,18.0
count_ones,GA,20,1000,8,10.685144832,20.0
count_ones,GA,20,1000,3,11.017531904,18.0
count_ones,GA,20,1000,9,11.04742784,19.0
count_ones,GA,40,1000,7,11.106631936,35.0
count_ones,GA,40,1000,6,11.118841856,35.0
count_ones,GA,40,1000,5,11.159588096,30.0
count_ones,GA,40,1000,8,11.272321024,31.0
count_ones,GA,40,1000,9,11.372094976,33.0
count_ones,GA,60,1000,2,11.404967168,42.0
count_ones,GA,40,1000,0,11.617600768,30.0
count_ones,GA,40,1000,4,11.954674944,35.0
count_ones,GA,20,1000,5,12.040955136,19.0
count_ones,GA,20,1000,0,11.516360192,18.0
count_ones,GA,60,1000,0,12.011393024,46.0
count_ones,GA,20,1000,6,11.513340928,19.0
count_ones,GA,40,1000,2,12.412630016,32.0
count_ones,GA,80,1000,6,12.377935104,54.0
count_ones,GA,40,1000,3,12.393402112,35.0
count_ones,GA,60,1000,8,12.400899072,44.0
count_ones,GA,60,1000,4,12.413348096,43.0
count_ones,GA,60,1000,7,12.498633984,47.0
count_ones,GA,40,1000,1,11.482434816,31.0
count_ones,GA,80,1000,8,12.930733056,57.0
count_ones,GA,80,1000,4,12.974648064,54.0
count_ones,GA,60,1000,6,13.021497856,45.0
count_ones,GA,60,1000,9,13.40717696,48.0
count_ones,GA,80,1000,3,13.48951296,46.0
count_ones,GA,80,1000,0,13.543540992,58.0
count_ones,GA,80,1000,2,13.902970112,56.0
nqueens,GA,8,1000,8,11.674118912,561.5462472876227
count_ones,GA,80,1000,5,14.454349056,51.0
count_ones,GA,80,1000,1,14.499394048,58.0
count_ones,GA,60,1000,1,14.565666048,42.0
count_ones,GA,60,1000,5,14.602902784,49.0
count_ones,GA,60,1000,3,15.250845952,48.0
nqueens,GA,10,1000,2,12.990328832,553.2728789135218
nqueens,GA,10,1000,4,12.736001024,474.123796006159
count_ones,GA,80,1000,9,15.427480064,52.0
nqueens,GA,6,1000,1,13.366345984,303.149808958933
nqueens,GA,10,1000,3,13.427913984,872.0972200172175
nqueens,GA,6,1000,7,13.584230144,357.8675935172428
nqueens,GA,8,1000,3,13.585540864,293.5504952052306
nqueens,GA,8,1000,1,13.71015296,304.4449166232108
nqueens,GA,10,1000,6,13.784989952,441.02420654938174
nqueens,GA,8,1000,9,13.785363968,479.126154697454
nqueens,GA,10,1000,1,13.899414016,470.5164833854512
nqueens,GA,6,1000,5,14.063053056,276.2797138819967
nqueens,GA,8,1000,4,14.141590016,264.3608895007023
nqueens,GA,6,1000,9,14.484251904,342.8209273813319
nqueens,GA,6,1000,3,14.694755072,1.387471783138426E-8
nqueens,GA,6,1000,4,14.70587392,88.65206810093473
nqueens,GA,6,1000,0,14.731577088,262.5890864576546
four_peaks,GA,10,1000,4,16.813780992,17.0
nqueens,GA,8,1000,7,14.532733952,603.3476488271175
nqueens,GA,10,1000,5,15.045963008,360.01667483514905
nqueens,GA,6,1000,6,15.060941824,390.11586435338995
count_ones,GA,80,1000,7,17.378899968,61.0
nqueens,GA,8,1000,2,15.080911104,267.02912895340666
nqueens,GA,6,1000,8,15.086667776,295.0999597492078
nqueens,GA,8,1000,5,15.099449856,254.97303311744554
nqueens,GA,10,1000,8,15.102754816,686.6203149487884
nqueens,GA,10,1000,7,15.120019968,563.6290537358974
nqueens,GA,6,1000,2,15.74149504,262.68531953169395
four_peaks,GA,10,1000,2,17.926465024,17.0
nqueens,GA,10,1000,0,16.077067008,420.2784697092635
four_peaks,GA,50,1000,4,18.148583936,78.0
nqueens,GA,10,1000,9,16.198665984,507.6201151676006
nqueens,GA,8,1000,6,16.423904,331.19236223242046
four_peaks,GA,50,1000,0,18.557876992,87.0
nqueens,GA,8,1000,0,16.904043008,490.87339671197867
four_peaks,GA,50,1000,7,18.900482048,45.0
four_peaks,GA,10,1000,7,19.04498304,17.0
four_peaks,GA,10,1000,6,19.124425216,17.0
four_peaks,GA,10,1000,0,19.261177088,17.0
four_peaks,GA,50,1000,6,19.419328,73.0
four_peaks,GA,10,1000,3,19.522777088,17.0
four_peaks,GA,10,1000,8,19.545020928,17.0
four_peaks,GA,10,1000,1,19.736268032,17.0
four_peaks,GA,10,1000,9,19.728143872,17.0
four_peaks,GA,100,1000,5,19.775269888,22.0
four_peaks,GA,50,1000,5,19.805688064,81.0
four_peaks,GA,100,1000,1,19.84740608,35.0
four_peaks,GA,50,1000,1,19.400091136,87.0
four_peaks,GA,10,1000,5,19.926446848,17.0
four_peaks,GA,50,1000,9,20.295660032,71.0
four_peaks,GA,200,1000,6,20.047620096,17.0
four_peaks,GA,150,1000,3,20.301240064,27.0
four_peaks,GA,200,1000,0,20.323186176,15.0
four_peaks,GA,100,1000,2,20.38059008,28.0
four_peaks,GA,100,1000,0,20.45889792,21.0
four_peaks,GA,100,1000,6,20.508730112,30.0
four_peaks,GA,200,1000,9,20.555087872,19.0
four_peaks,GA,100,1000,4,20.503919104,39.0
four_peaks,GA,150,1000,8,20.856888064,26.0
four_peaks,GA,50,1000,8,21.143908096,86.0
four_peaks,GA,150,1000,1,21.177145088,30.0
four_peaks,GA,150,1000,6,21.177048064,21.0
four_peaks,GA,100,1000,9,21.241899008,29.0
four_peaks,GA,150,1000,2,21.25915904,29.0
four_peaks,GA,100,1000,8,21.270276096,42.0
four_peaks,GA,200,1000,8,21.389072896,19.0
four_peaks,GA,150,1000,0,21.46439808,16.0
four_peaks,GA,200,1000,3,21.454093056,23.0
four_peaks,GA,100,1000,7,21.634013952,25.0
four_peaks,GA,200,1000,4,21.65393408,27.0
four_peaks,GA,50,1000,3,21.711517952,65.0
four_peaks,GA,200,1000,1,21.727979776,20.0
four_peaks,GA,200,1000,5,21.732696064,20.0
four_peaks,GA,150,1000,9,21.761371904,24.0
four_peaks,GA,100,1000,3,21.790764032,36.0
four_peaks,GA,150,1000,7,21.77362304,19.0
four_peaks,GA,200,1000,2,21.942504192,21.0
four_peaks,GA,50,1000,2,22.021671168,89.0
four_peaks,GA,150,1000,4,21.37383296,18.0
four_peaks,GA,150,1000,5,22.110692096,38.0
four_peaks,GA,200,1000,7,22.168983808,27.0
tsp,GA,10,1000,5,46.58060288,992.553089909694
tsp,GA,10,1000,7,46.920889088,990.2136456471524
tsp,GA,10,1000,9,46.955383808,882.6474017674212
tsp,GA,10,1000,4,49.124275968,958.2117256223513
tsp,GA,10,1000,2,49.905940992,954.1491982890292
tsp,GA,10,1000,3,50.798411776,1125.2049531216603
tsp,GA,10,1000,0,51.189616128,1192.7668298810067
tsp,GA,10,1000,6,56.228600832,520.8399874395456
tsp,GA,10,1000,1,56.444785152,863.4922932917725
tsp,GA,10,1000,8,56.6949312,985.3311839005564
count_ones,MIMIC,20,1000,1,67.00004992,20.0
count_ones,MIMIC,20,1000,5,68.696143104,20.0
count_ones,MIMIC,20,1000,0,69.135011072,20.0
count_ones,MIMIC,20,1000,6,69.138656,20.0
count_ones,MIMIC,20,1000,8,69.230580992,20.0
count_ones,MIMIC,20,1000,7,69.513385984,20.0
count_ones,MIMIC,20,1000,9,69.909332992,20.0
count_ones,MIMIC,20,1000,2,70.054977024,20.0
count_ones,MIMIC,20,1000,4,71.46424704,20.0
count_ones,MIMIC,20,1000,3,72.631368192,20.0
tsp,GA,20,1000,4,78.25764608,2085.0759078107426
tsp,GA,20,1000,8,78.924854016,1823.3390938976913
nqueens,MIMIC,6,1000,0,78.154900992,434.1487815556263
tsp,GA,20,1000,2,79.880701952,2165.673237364688
tsp,GA,20,1000,1,80.49229184,1996.1920872453454
nqueens,MIMIC,6,1000,9,79.08874112,586.3402067949495
tsp,GA,20,1000,9,80.690980096,1977.2985236036864
nqueens,MIMIC,6,1000,7,79.35408896,431.083718392724
tsp,GA,20,1000,5,81.641572864,2019.769689842145
nqueens,MIMIC,6,1000,5,81.886802176,646.6867360796025
tsp,GA,20,1000,7,83.595126016,1969.1221185173542
tsp,GA,20,1000,3,84.303809024,1970.0137744626916
nqueens,MIMIC,6,1000,8,83.468966144,239.04108272139663
tsp,GA,20,1000,6,84.956756992,1665.1576209348277
nqueens,MIMIC,6,1000,1,84.047655168,740.2294605600184
tsp,GA,20,1000,0,85.565927936,2192.680349598018
nqueens,MIMIC,6,1000,4,84.250660864,885.8247640102169
nqueens,MIMIC,6,1000,3,84.290310912,529.3806330027428
nqueens,MIMIC,6,1000,6,85.071709952,452.4892621147358
nqueens,MIMIC,6,1000,2,87.65736704,770.5054779229429
nqueens,MIMIC,8,1000,7,97.205421056,720.4109624804798
nqueens,MIMIC,8,1000,6,97.460858112,583.8246599436343
nqueens,MIMIC,8,1000,5,98.502279936,847.8491446991266
nqueens,MIMIC,8,1000,8,98.368879104,1036.6792733592895
four_peaks,MIMIC,10,1000,1,100.700897024,17.0
nqueens,MIMIC,8,1000,9,98.8959808,510.9985067781181
nqueens,MIMIC,8,1000,3,99.398902016,516.3728873399243
nqueens,MIMIC,8,1000,1,99.501810944,1016.0989146751625
tsp,GA,30,1000,6,100.857798912,2513.208974693357
nqueens,MIMIC,8,1000,0,100.233985024,736.3146256660964
four_peaks,MIMIC,10,1000,6,102.145967872,17.0
nqueens,MIMIC,8,1000,2,101.64002688,849.5217060527998
nqueens,MIMIC,8,1000,4,101.702217984,798.9120953337713
four_peaks,MIMIC,10,1000,9,103.919952896,17.0
four_peaks,MIMIC,10,1000,0,105.16338304,17.0
four_peaks,MIMIC,10,1000,3,105.935911936,17.0
four_peaks,MIMIC,10,1000,8,106.98138496,17.0
four_peaks,MIMIC,10,1000,7,107.036902912,17.0
four_peaks,MIMIC,10,1000,2,107.269006848,17.0
tsp,GA,30,1000,9,106.415750144,2638.182472286432
knapsack,GA,30,1000,1,106.113118976,3192.8268265663805
tsp,GA,30,1000,5,106.755897856,2511.6507765233905
tsp,GA,30,1000,1,108.984550144,2758.8207835916714
tsp,GA,30,1000,7,109.120048896,2731.4855582692576
knapsack,GA,30,1000,8,108.82024704,3147.9734945613764
four_peaks,MIMIC,10,1000,4,110.710752,17.0
four_peaks,MIMIC,10,1000,5,111.585668096,17.0
tsp,GA,30,1000,8,111.547101952,2800.4390107207646
knapsack,GA,30,1000,5,110.904368128,2554.530893162826
knapsack,GA,30,1000,9,111.393811968,2351.436917586285
knapsack,GA,30,1000,0,111.455794176,3017.087527701116
nqueens,MIMIC,10,1000,1,111.849661952,1028.782329242927
tsp,GA,30,1000,4,112.919201024,2947.1941931340516
tsp,GA,30,1000,2,113.016116992,2313.108609464268
knapsack,GA,30,1000,7,112.418066944,3071.070661756428
tsp,GA,30,1000,0,113.819005952,3289.4952564599744
nqueens,MIMIC,10,1000,4,113.215827968,506.16736107953295
knapsack,GA,30,1000,3,113.375945984,2485.3358370718947
tsp,MIMIC,10,1000,3,114.118119168,852.5013121349675
nqueens,MIMIC,10,1000,7,113.64212096,643.4400303599642
knapsack,GA,30,1000,2,113.997957888,2444.570355841147
nqueens,MIMIC,10,1000,5,113.971313152,651.3208543134145
nqueens,MIMIC,10,1000,0,113.981612032,836.2331199369778
tsp,MIMIC,10,1000,6,114.797138176,1133.0173989889183
nqueens,MIMIC,10,1000,9,114.171128064,954.8554115680002
nqueens,MIMIC,10,1000,3,114.213182976,869.8735695021593
knapsack,GA,30,1000,4,114.618225152,2886.962545439306
tsp,MIMIC,10,1000,7,115.56920704,833.4293330219186
nqueens,MIMIC,10,1000,6,114.82068608,852.6820746554497
nqueens,MIMIC,10,1000,8,115.51999616,1152.5940676135906
knapsack,GA,30,1000,6,115.709340928,2530.2834120734124
nqueens,MIMIC,10,1000,2,116.249027072,849.8647777733349
tsp,MIMIC,10,1000,9,117.042089216,991.2379443237649
tsp,MIMIC,10,1000,2,117.382406144,876.4465141344996
tsp,MIMIC,10,1000,8,117.476084992,965.949506671171
tsp,MIMIC,10,1000,5,117.622576128,942.6809811032568
tsp,MIMIC,10,1000,0,118.415451904,1257.8159196428373
tsp,MIMIC,10,1000,1,118.705340928,897.951109565822
tsp,MIMIC,10,1000,4,118.94504192,866.387803725212
tsp,GA,30,1000,3,119.285131008,3040.4298388017814
tsp,GA,40,1000,3,120.869788928,3234.684308357094
count_ones,MIMIC,40,1000,9,125.724976896,40.0
count_ones,MIMIC,40,1000,6,127.130993152,40.0
count_ones,MIMIC,40,1000,8,127.335691008,40.0
tsp,GA,40,1000,9,126.569487104,2786.9478053958755
count_ones,MIMIC,40,1000,7,128.799513088,40.0
count_ones,MIMIC,40,1000,5,129.05708416,40.0
count_ones,MIMIC,40,1000,1,129.1676352,40.0
count_ones,MIMIC,40,1000,2,130.040891136,40.0
count_ones,MIMIC,40,1000,0,130.162185984,40.0
tsp,GA,40,1000,0,128.711586816,3799.0258482254976
count_ones,MIMIC,40,1000,4,130.353721088,40.0
count_ones,MIMIC,40,1000,3,130.504210944,40.0
tsp,GA,40,1000,6,129.10287488,3920.995075380663
knapsack,GA,40,1000,0,128.796812032,4065.222753195971
knapsack,GA,40,1000,2,129.889810944,3633.4594677152777
knapsack,GA,40,1000,8,130.016092928,3601.1744617758272
knapsack,GA,40,1000,3,130.690254848,3770.414119617439
tsp,GA,40,1000,8,131.42209408,3389.9252951121152
tsp,GA,40,1000,7,131.558669056,3735.1141397695883
knapsack,GA,40,1000,5,131.019051008,3204.8710887633556
knapsack,GA,40,1000,6,131.0590912,3686.3506188091415
tsp,GA,40,1000,5,132.91936384,3146.905143974322
tsp,GA,40,1000,2,133.61472384,3571.935701178294
tsp,GA,40,1000,1,133.770000896,3797.3841103368886
tsp,GA,40,1000,4,134.121951232,4304.018303164785
knapsack,GA,40,1000,1,133.857168896,3650.8720257714244
knapsack,GA,40,1000,9,134.030891008,4330.159256225343
knapsack,GA,40,1000,7,134.785967104,3766.329519635517
knapsack,GA,40,1000,4,134.956950784,3399.8892481806906
knapsack,GA,50,1000,6,141.944041216,3759.546365128941
knapsack,GA,50,1000,0,143.283966208,4767.563356741508
tsp,GA,50,1000,7,145.197720064,4411.2603481540355
knapsack,GA,50,1000,8,145.597005056,4530.9287778624275
tsp,GA,50,1000,2,147.41189504,4327.529559860811
tsp,GA,50,1000,5,147.48222208,4929.524464363827
knapsack,GA,50,1000,7,147.458881024,4982.368335813752
tsp,GA,50,1000,4,148.263606016,4244.338105106341
knapsack,GA,50,1000,5,147.628989184,3385.4942295176966
tsp,GA,50,1000,1,148.43516288,4276.317658442997
tsp,GA,50,1000,3,148.530220032,4924.7157438617105
knapsack,GA,50,1000,2,147.944680192,4978.456586453998
knapsack,GA,50,1000,4,148.468851968,4117.430243135984
tsp,GA,50,1000,9,149.854100992,4603.53345572189
knapsack,GA,50,1000,1,149.621040128,4647.016499089321
knapsack,GA,50,1000,3,149.810137088,4035.39744210691
tsp,GA,50,1000,6,150.800100096,4284.668195809811
tsp,GA,50,1000,0,150.78816896,4350.249951118157
tsp,GA,50,1000,8,151.10935808,4821.144604232277
knapsack,GA,50,1000,9,150.962343168,4270.178593534155
count_ones,MIMIC,60,1000,5,164.525809152,60.0
count_ones,MIMIC,60,1000,7,165.346747136,60.0
count_ones,MIMIC,60,1000,6,165.379849984,60.0
count_ones,MIMIC,60,1000,3,165.833369088,60.0
count_ones,MIMIC,60,1000,2,165.968964864,60.0
tsp,MIMIC,20,1000,1,164.52078592,1702.2977663613392
count_ones,MIMIC,60,1000,0,166.553351168,60.0
count_ones,MIMIC,60,1000,9,166.715341056,60.0
count_ones,MIMIC,60,1000,1,166.752409088,60.0
count_ones,MIMIC,60,1000,8,167.118144,60.0
tsp,MIMIC,20,1000,7,165.865167872,1791.699514256644
count_ones,MIMIC,60,1000,4,167.33848192,60.0
tsp,MIMIC,20,1000,8,166.196658944,1846.433313469745
tsp,MIMIC,20,1000,9,166.612288,1678.4285442252562
tsp,MIMIC,20,1000,3,167.090201856,1452.890633250311
tsp,MIMIC,20,1000,6,167.174745088,1506.4433653410654
tsp,MIMIC,20,1000,2,167.538144,2147.4046796442
tsp,MIMIC,20,1000,0,167.803962112,1755.7359698201055
tsp,MIMIC,20,1000,4,167.916165888,1760.3368317345953
tsp,MIMIC,20,1000,5,167.949563136,1849.8356611598376
count_ones,MIMIC,80,1000,7,196.304523008,80.0
count_ones,MIMIC,80,1000,2,198.94424192,80.0
count_ones,MIMIC,80,1000,8,200.328809984,80.0
count_ones,MIMIC,80,1000,9,200.37317504,80.0
count_ones,MIMIC,80,1000,5,200.644992,80.0
count_ones,MIMIC,80,1000,1,200.792356096,80.0
count_ones,MIMIC,80,1000,4,201.42193792,80.0
count_ones,MIMIC,80,1000,3,201.673068032,80.0
count_ones,MIMIC,80,1000,0,202.396454912,80.0
count_ones,MIMIC,80,1000,6,202.777863168,80.0
tsp,MIMIC,30,1000,4,206.924384,2577.986208905373
tsp,MIMIC,30,1000,9,206.934693888,2974.551360972874
tsp,MIMIC,30,1000,3,207.20008704,2503.6966128784
tsp,MIMIC,30,1000,8,207.352229888,2544.1326417972978
knapsack,MIMIC,30,1000,9,206.690262016,2866.147406461365
tsp,MIMIC,30,1000,5,207.525839872,3014.180191385898
tsp,MIMIC,30,1000,0,207.950874112,2962.4888089947444
knapsack,MIMIC,30,1000,7,207.416728064,2852.4955561092565
knapsack,MIMIC,30,1000,2,207.83951104,2833.47374042564
tsp,MIMIC,30,1000,7,208.665147904,2858.975021507437
knapsack,MIMIC,30,1000,0,207.867981056,2822.845994244018
tsp,MIMIC,30,1000,2,208.901671168,2722.1189695573603
knapsack,MIMIC,30,1000,5,208.22685696,3261.580977102809
knapsack,MIMIC,30,1000,3,208.285846016,2706.986777561745
tsp,MIMIC,30,1000,1,209.180706048,2528.5348432649203
knapsack,MIMIC,30,1000,6,208.629149952,2999.44728384065
knapsack,MIMIC,30,1000,1,209.099460096,2815.1506582754437
knapsack,MIMIC,30,1000,8,209.411120896,2090.316154807243
tsp,MIMIC,30,1000,6,210.993687808,2549.37622646504
knapsack,MIMIC,30,1000,4,210.429755136,3285.6948740357952
knapsack,MIMIC,40,1000,3,238.902941952,3323.2733168971895
tsp,MIMIC,40,1000,0,240.787407104,4113.553402383813
knapsack,MIMIC,40,1000,6,240.271599872,3214.1468773903252
knapsack,MIMIC,40,1000,4,240.370052096,3526.2032960955476
tsp,MIMIC,40,1000,2,241.185428992,3413.179427341423
tsp,MIMIC,40,1000,6,241.238962944,4054.4351279240345
tsp,MIMIC,40,1000,9,241.286580992,3784.153090459376
knapsack,MIMIC,40,1000,8,241.45652608,3876.2720262729326
tsp,MIMIC,40,1000,4,242.417391872,4286.823802285728
tsp,MIMIC,40,1000,3,243.073139968,3800.0933046804826
tsp,MIMIC,40,1000,8,243.123685888,3783.659911045913
tsp,MIMIC,40,1000,7,243.236918016,3887.0054245027686
knapsack,MIMIC,40,1000,1,242.612829952,3405.8624692126614
knapsack,MIMIC,40,1000,9,242.704887808,3846.2759803997888
tsp,MIMIC,40,1000,5,243.48784,3015.8475947225065
knapsack,MIMIC,40,1000,7,242.716154112,3551.906267109057
tsp,MIMIC,40,1000,1,243.687724032,4055.6124770373513
knapsack,MIMIC,40,1000,2,243.06447488,3817.818495374068
knapsack,MIMIC,40,1000,0,243.257056,4182.485222476132
knapsack,MIMIC,40,1000,5,243.387714048,4303.251551704304
four_peaks,MIMIC,50,1000,5,248.16834688,50.0
four_peaks,MIMIC,50,1000,3,250.24217984,50.0
four_peaks,MIMIC,50,1000,9,250.43991424,42.0
four_peaks,MIMIC,50,1000,2,250.777467136,50.0
four_peaks,MIMIC,50,1000,0,250.795942144,88.0
four_peaks,MIMIC,50,1000,4,250.926426112,49.0
four_peaks,MIMIC,50,1000,6,251.250685952,43.0
four_peaks,MIMIC,50,1000,8,251.540496896,40.0
four_peaks,MIMIC,50,1000,7,252.398844928,42.0
four_peaks,MIMIC,50,1000,1,252.583686912,89.0
tsp,MIMIC,50,1000,5,265.637988096,4091.622364629531
tsp,MIMIC,50,1000,7,266.034014976,5130.007361128804
tsp,MIMIC,50,1000,6,266.171696128,4818.318267124987
tsp,MIMIC,50,1000,3,266.202157056,4526.71849084206
knapsack,MIMIC,50,1000,1,265.504290048,4746.104834248008
knapsack,MIMIC,50,1000,2,265.535772928,4443.317686938179
knapsack,MIMIC,50,1000,0,265.542816,4310.255432585502
knapsack,MIMIC,50,1000,3,265.79496704,4715.024087551213
knapsack,MIMIC,50,1000,9,265.893858048,3986.9778416852428
tsp,MIMIC,50,1000,2,266.720550912,4876.993969674758
knapsack,MIMIC,50,1000,7,265.970628096,4497.589049672824
knapsack,MIMIC,50,1000,8,266.089158144,4183.430691587063
tsp,MIMIC,50,1000,4,266.936889856,4322.621444178925
tsp,MIMIC,50,1000,9,267.014564864,5242.699841104246
knapsack,MIMIC,50,1000,6,266.668064,4200.134256200897
tsp,MIMIC,50,1000,0,267.562990848,4991.074799750472
tsp,MIMIC,50,1000,8,267.865060864,4385.114136680412
tsp,MIMIC,50,1000,1,268.01662208,4846.394753969229
knapsack,MIMIC,50,1000,4,267.909298176,4379.592494893593
knapsack,MIMIC,50,1000,5,267.959058176,4522.850272688974
four_peaks,MIMIC,100,1000,6,313.755268096,68.0
four_peaks,MIMIC,100,1000,0,313.922761984,74.0
four_peaks,MIMIC,100,1000,9,314.683567104,69.0
four_peaks,MIMIC,100,1000,7,314.698905088,74.0
four_peaks,MIMIC,100,1000,5,315.05410688,75.0
four_peaks,MIMIC,100,1000,3,315.507783936,57.0
four_peaks,MIMIC,100,1000,8,315.508847872,68.0
four_peaks,MIMIC,100,1000,2,315.789592832,69.0
four_peaks,MIMIC,100,1000,1,316.029025024,72.0
four_peaks,MIMIC,100,1000,4,316.035704064,58.0
four_peaks,MIMIC,150,1000,7,361.246139904,74.0
four_peaks,MIMIC,150,1000,1,361.545892096,69.0
four_peaks,MIMIC,150,1000,4,361.708423936,79.0
four_peaks,MIMIC,150,1000,2,362.240550912,76.0
four_peaks,MIMIC,150,1000,8,362.237731072,78.0
four_peaks,MIMIC,150,1000,9,362.58997504,81.0
four_peaks,MIMIC,150,1000,5,362.704971008,69.0
four_peaks,MIMIC,150,1000,0,363.168208896,84.0
four_peaks,MIMIC,150,1000,3,363.185744896,86.0
four_peaks,MIMIC,150,1000,6,363.431054848,57.0
four_peaks,MIMIC,200,1000,6,398.961411072,91.0
four_peaks,MIMIC,200,1000,5,399.358297088,89.0
four_peaks,MIMIC,200,1000,8,399.525283072,80.0
four_peaks,MIMIC,200,1000,3,399.570401024,68.0
four_peaks,MIMIC,200,1000,2,399.618444032,84.0
four_peaks,MIMIC,200,1000,7,399.898109952,65.0
four_peaks,MIMIC,200,1000,9,399.941952,96.0
four_peaks,MIMIC,200,1000,0,399.96482304,68.0
four_peaks,MIMIC,200,1000,4,399.980282112,70.0
four_peaks,MIMIC,200,1000,1,400.01014912,91.0
